run,noise,raw_rows,trimmed_rows,valid_tb,first_tb,crc_pass_tb,crc_fail_tb,dtx_rows,snr_mean,final_crc_failure_rate,first_bler,retransmission_share,iterations_all_mean,iterations_first_mean,ldpc_p50_us,ldpc_p95_us
scan_m2p5_r1,-2.5,1159,459,459,423,423,36,0,6.234640522875816,0.0784313725490196,0.0851063829787234,0.0784313725490196,5.510893246187364,5.8947990543735225,5624.384462,6069.9195479
scan_m2p5_r2,-2.5,1159,459,459,424,424,35,0,6.201089324618737,0.07625272331154684,0.08254716981132075,0.07625272331154684,5.46078431372549,5.8290094339622645,5397.756572,6286.247827799999
scan_m2p5_r3,-2.5,1158,458,458,409,410,48,0,6.22467248908297,0.10480349344978165,0.11735941320293398,0.10698689956331878,5.370087336244541,5.89242053789731,5613.514581,6053.92508775
scan_m2p5_r4,-2.5,1156,456,456,416,416,40,0,6.235087719298245,0.08771929824561403,0.09615384615384616,0.08771929824561403,5.428728070175438,5.8545673076923075,5426.5605605,6057.0038535
scan_m2p5_r5,-2.5,1157,457,457,416,416,41,0,6.2319474835886215,0.08971553610503283,0.0985576923076923,0.08971553610503283,5.365426695842451,5.793269230769231,5372.739363,6035.3467922
scan_m2p5_r6,-2.5,1157,457,457,423,423,34,0,6.230853391684901,0.07439824945295405,0.08037825059101655,0.07439824945295405,5.49890590809628,5.859338061465721,5619.597744,6059.1350422000005
scan_m2p5_r7,-2.5,1156,456,456,416,416,40,0,6.233991228070175,0.08771929824561403,0.09615384615384616,0.08771929824561403,5.463815789473684,5.891826923076923,5602.0679485,6075.53030425
scan_m2p75_r1,-2.75,1157,457,457,457,457,0,0,6.574398249452954,0.0,0.0,0.0,3.9682713347921226,3.9682713347921226,4331.257267,4720.417622
scan_m2p75_r2,-2.75,1159,459,459,459,459,0,0,6.573202614379085,0.0,0.0,0.0,3.9640522875816995,3.9640522875816995,4363.901053,4735.4611321
scan_m2p75_r3,-2.75,1160,460,460,460,460,0,0,6.585869565217391,0.0,0.0,0.0,4.006521739130434,4.006521739130434,4363.425345,4727.94360075
scan_m2p75_r4,-2.75,1158,458,458,458,458,0,0,6.591484716157206,0.0,0.0,0.0,3.9596069868995634,3.9596069868995634,4362.214355,4732.88478985
scan_m2p75_r5,-2.75,1161,461,461,461,461,0,0,6.57939262472885,0.0,0.0,0.0,4.021691973969631,4.021691973969631,4335.327483,4756.232326
scan_m2p75_r6,-2.75,1158,458,458,458,458,0,0,6.591703056768559,0.0,0.0,0.0,3.9901746724890828,3.9901746724890828,4340.453794,4726.210008800001
scan_m2p75_r7,-2.75,1155,455,455,455,455,0,0,6.583516483516483,0.0,0.0,0.0,3.978021978021978,3.978021978021978,4351.033594,4761.0968214999975
scan_m3p0_r1,-3.0,1159,459,459,459,459,0,0,6.981045751633987,0.0,0.0,0.0,2.903050108932462,2.903050108932462,3658.746537,4038.6790172
scan_m3p0_r2,-3.0,1158,458,458,458,458,0,0,6.9836244541484715,0.0,0.0,0.0,2.8897379912663754,2.8897379912663754,3665.3797515,4027.086375
scan_m3p0_r3,-3.0,1157,457,457,457,457,0,0,6.990590809628008,0.0,0.0,0.0,2.901531728665208,2.901531728665208,3704.342037,4049.5243356
scan_m3p0_r4,-3.0,1154,454,454,454,454,0,0,6.988325991189427,0.0,0.0,0.0,2.895374449339207,2.895374449339207,3662.2027315,4031.1654076
scan_m3p0_r5,-3.0,1159,459,459,459,459,0,0,6.973856209150327,0.0,0.0,0.0,2.9248366013071894,2.9248366013071894,3671.823839,4043.5010499
scan_m3p0_r6,-3.0,1158,458,458,458,458,0,0,6.996724890829694,0.0,0.0,0.0,2.8668122270742358,2.8668122270742358,3657.7398485000003,4032.3352025500003
scan_m3p0_r7,-3.0,1159,459,459,459,459,0,0,6.976470588235293,0.0,0.0,0.0,2.9161220043572986,2.9161220043572986,3661.825155,4032.0346028000004
scan_m3p25_r1,-3.25,1156,456,456,456,456,0,0,7.388377192982456,0.0,0.0,0.0,2.130482456140351,2.130482456140351,3057.015645,3407.1585225
scan_m3p25_r2,-3.25,1159,459,459,459,459,0,0,7.391285403050109,0.0,0.0,0.0,2.1230936819172115,2.1230936819172115,3054.409307,3409.1141654999997
scan_m3p25_r3,-3.25,1094,394,394,394,394,0,0,7.394416243654822,0.0,0.0,0.0,2.1370558375634516,2.1370558375634516,3051.686893,3415.430732
scan_m3p25_r4,-3.25,1159,459,459,459,459,0,0,7.402614379084968,0.0,0.0,0.0,2.128540305010893,2.128540305010893,3061.15642,3402.5845142
scan_m3p25_r5,-3.25,1159,459,459,459,459,0,0,7.411328976034858,0.0,0.0,0.0,2.1296296296296298,2.1296296296296298,3048.534198,3409.1474844
scan_m3p25_r6,-3.25,1153,453,453,453,453,0,0,7.389403973509934,0.0,0.0,0.0,2.1324503311258276,2.1324503311258276,3060.260697,3412.4023769999994
scan_m3p25_r7,-3.25,1152,452,452,452,452,0,0,7.384734513274337,0.0,0.0,0.0,2.127212389380531,2.127212389380531,3053.432473,3396.2713534
scan_m3p5_r1,-3.5,1157,457,457,457,457,0,0,7.776148796498905,0.0,0.0,0.0,1.6214442013129102,1.6214442013129102,2724.890436,3081.3580922
scan_m3p5_r2,-3.5,1157,457,457,457,457,0,0,7.788183807439824,0.0,0.0,0.0,1.6115973741794312,1.6115973741794312,2725.810395,3078.6028770000003
scan_m3p5_r3,-3.5,1158,458,458,458,458,0,0,7.783187772925764,0.0,0.0,0.0,1.6244541484716157,1.6244541484716157,2731.5730015,3082.631906
scan_m3p5_r4,-3.5,1158,458,458,458,458,0,0,7.781004366812227,0.0,0.0,0.0,1.6451965065502183,1.6451965065502183,2732.6792955,3078.31061925
scan_m3p5_r5,-3.5,1158,458,458,458,458,0,0,7.786244541484716,0.0,0.0,0.0,1.6451965065502183,1.6451965065502183,2732.4045674999998,3082.02639175
scan_m3p5_r6,-3.5,1154,454,454,454,454,0,0,7.769383259911895,0.0,0.0,0.0,1.6288546255506609,1.6288546255506609,2715.7663675,3069.12993565
scan_m3p5_r7,-3.5,1158,458,458,458,458,0,0,7.792576419213974,0.0,0.0,0.0,1.6353711790393013,1.6353711790393013,2723.0734935,3070.99495205
scan_m3p75_r1,-3.75,1158,458,458,458,458,0,0,8.234061135371178,0.0,0.0,0.0,1.1364628820960698,1.1364628820960698,2369.5617295,2724.74539705
scan_m3p75_r2,-3.75,1158,458,458,458,458,0,0,8.235589519650656,0.0,0.0,0.0,1.1353711790393013,1.1353711790393013,2387.6036245,2737.3433714
scan_m3p75_r3,-3.75,1157,457,457,457,457,0,0,8.245295404814005,0.0,0.0,0.0,1.140043763676149,1.140043763676149,2379.820275,2737.126274
scan_m3p75_r4,-3.75,1155,455,455,455,455,0,0,8.244615384615384,0.0,0.0,0.0,1.1384615384615384,1.1384615384615384,2391.198807,2730.0272287000003
scan_m3p75_r5,-3.75,1158,458,458,458,458,0,0,8.226855895196508,0.0,0.0,0.0,1.1266375545851528,1.1266375545851528,2391.890038,2724.9827692500003
scan_m3p75_r6,-3.75,1159,459,459,459,459,0,0,8.246840958605665,0.0,0.0,0.0,1.1350762527233116,1.1350762527233116,2388.697725,2734.9803508
scan_m3p75_r7,-3.75,1158,458,458,458,458,0,0,8.239737991266376,0.0,0.0,0.0,1.1375545851528384,1.1375545851528384,2377.7385325,2726.1309146999997
scan_m4p0_r1,-4.0,1155,455,455,455,455,0,0,8.676923076923076,0.0,0.0,0.0,1.0131868131868131,1.0131868131868131,2376.940592,2423.477554
scan_m4p0_r2,-4.0,1155,455,455,455,455,0,0,8.667032967032966,0.0,0.0,0.0,1.0065934065934066,1.0065934065934066,2368.021113,2424.8470285000003
scan_m4p0_r3,-4.0,1157,457,457,457,457,0,0,8.66870897155361,0.0,0.0,0.0,1.0098468271334793,1.0098468271334793,2375.355432,2419.9583814000002
scan_m4p0_r4,-4.0,1157,457,457,457,457,0,0,8.673304157549234,0.0,0.0,0.0,1.0142231947483589,1.0142231947483589,2382.273509,2422.867218
scan_m4p0_r5,-4.0,1157,457,457,457,457,0,0,8.658862144420132,0.0,0.0,0.0,1.0065645514223194,1.0065645514223194,2353.723437,2423.6074264000003
scan_m4p0_r6,-4.0,1158,458,458,458,458,0,0,8.655240174672489,0.0,0.0,0.0,1.0109170305676856,1.0109170305676856,2376.6658660000003,2434.14044705
scan_m4p0_r7,-4.0,1156,456,456,456,456,0,0,8.670833333333334,0.0,0.0,0.0,1.0142543859649122,1.0142543859649122,2349.5852560000003,2423.6277290000003
scan_m4p5_r1,-4.5,1150,450,450,450,450,0,0,9.554666666666668,0.0,0.0,0.0,1.0,1.0,2382.953371,2437.0909088
scan_m4p5_r2,-4.5,1157,457,457,457,457,0,0,9.5582056892779,0.0,0.0,0.0,1.0,1.0,2352.820131,2417.536118
scan_m4p5_r3,-4.5,1158,458,458,458,458,0,0,9.544541484716156,0.0,0.0,0.0,1.0,1.0,2344.410073,2412.25178735
scan_m4p5_r4,-4.5,1157,457,457,457,457,0,0,9.55054704595186,0.0,0.0,0.0,1.0,1.0,2383.514898,2421.7439966
scan_m4p5_r5,-4.5,1158,458,458,458,458,0,0,9.548689956331879,0.0,0.0,0.0,1.0,1.0,2369.803136,2416.9291954
scan_m4p5_r6,-4.5,1159,459,459,459,459,0,0,9.553594771241832,0.0,0.0,0.0,1.0,1.0,2365.467324,2419.1321115
scan_m4p5_r7,-4.5,1159,459,459,459,459,0,0,9.557298474945535,0.0,0.0,0.0,1.0,1.0,2355.732456,2421.2302575999997
scan_m5p0_r1,-5.0,1157,457,457,457,457,0,0,10.45054704595186,0.0,0.0,0.0,1.0,1.0,2384.201796,2424.3730792
scan_m5p0_r2,-5.0,1153,453,453,453,453,0,0,10.433774834437086,0.0,0.0,0.0,1.0,1.0,2375.520716,2423.905756
scan_m5p0_r3,-5.0,1158,458,458,458,458,0,0,10.453930131004366,0.0,0.0,0.0,1.0,1.0,2388.852967,2422.0116908
scan_m5p0_r4,-5.0,1158,458,458,458,458,0,0,10.447379912663754,0.0,0.0,0.0,1.0,1.0,2350.199565,2417.32213425
scan_m5p0_r5,-5.0,1158,458,458,458,458,0,0,10.437117903930131,0.0,0.0,0.0,1.0,1.0,2373.3640905,2425.809558
scan_m5p0_r6,-5.0,1158,458,458,458,458,0,0,10.456331877729257,0.0,0.0,0.0,1.0,1.0,2373.7123115,2419.80717705
scan_m5p0_r7,-5.0,1159,459,459,459,459,0,0,10.443790849673203,0.0,0.0,0.0,1.0,1.0,2399.710432,2427.5853684
scan_m6p0_r1,-6.0,1154,454,454,454,454,0,0,12.275770925110132,0.0,0.0,0.0,1.0,1.0,2354.992718,2417.13887015
scan_m6p0_r2,-6.0,1156,456,456,456,456,0,0,12.273245614035089,0.0,0.0,0.0,1.0,1.0,2367.9410804999998,2432.22419425
scan_m6p0_r3,-6.0,1156,456,456,456,456,0,0,12.262280701754387,0.0,0.0,0.0,1.0,1.0,2361.4130615000004,2416.249725
scan_m6p0_r4,-6.0,1160,460,460,460,460,0,0,12.26217391304348,0.0,0.0,0.0,1.0,1.0,2351.4385865,2420.243603
scan_m6p0_r5,-6.0,1156,456,456,456,456,0,0,12.270614035087718,0.0,0.0,0.0,1.0,1.0,2381.7039130000003,2418.85612175
scan_m6p0_r6,-6.0,1157,457,457,457,457,0,0,12.287089715536105,0.0,0.0,0.0,1.0,1.0,2353.366532,2424.399693
scan_m6p0_r7,-6.0,1158,458,458,458,458,0,0,12.26877729257642,0.0,0.0,0.0,1.0,1.0,2379.4237464999997,2431.0272551000003
